DataSet,psnr,ssim
urban100,23.75940312538536,0.7340493878722191
